Provincia,Pct_Pared_Ladrillo,Pct_Techo_Concreto,Pct_Pisos_Solicitados,Pct_Pisos_Riqueza,Indice_Aritmetico,Indice_Algebraico
CHACHAPOYAS,27.016215443960284,16.1582970212158,91.88513465247517,8.114865347524827,17.096459270900304,-0.2190718320081999
BAGUA,23.734631147540984,11.20389344262295,96.55737704918033,3.4426229508196684,12.793715846994536,0.3535383015179003
BONGARA,21.921182266009854,9.469074986316366,97.6464148877942,2.3535851122058062,11.24794745484401,0.5326159794919725
CONDORCANQUI,2.99505969534788,0.57636887608069165,99.77356937011116,0.22643062988883855,1.2659530671058035,1.4502451256662285
LUYA,3.3706984400721174,1.4658618797522929,99.60805832092184,0.39194167907815824,1.7428339996341895,1.3994448974395148
RODRÍGUEZ DE MENDOZA,17.362982929020664,5.3908355795148255,96.95642407906558,3.0435759209344155,8.599131476489967,0.7355189201944667
UTCUBAMBA,15.650763169221602,8.59186173558918,96.71555805714664,3.2844419428533627,9.175688949221382,0.653448166973524
HUARAZ,45.61218876318496,40.54151020115286,81.28393408117869,18.716065918821315,34.95658829438638,-2.2384274857530086
AIJA,0.7727975270479135,0.46367851622874806,99.79392065945389,0.2060793405461112,0.4808517946075909,1.5106782056468038
ANTONIO RAYMONDI,2.5620707871104065,0.7659799260433175,99.57739038563128,0.42260961436872435,1.2502201091741494,1.4410067274367355
ASUNCIÓN,9.339704604691573,3.301476976542137,97.95829713292788,2.041702867072118,4.894294816101943,1.0748162127624092
BOLOGNESI,7.4215312408330885,3.828102082722206,98.4599589322382,1.5400410677618055,4.2632247971057,1.139520885492434
CARHUAZ,14.711989540875184,11.86649234791971,96.80073829116358,3.199261708836417,9.92591453254377,0.5722887903196533
CARLOS FERMÍN FITZCARRALD,2.0624518118735544,1.1950655358519662,99.67232074016962,0.3276792598303757,1.1950655358519653,1.4455404822408107
CASMA,38.55504429640821,19.806331982693496,92.67907423940663,7.320925760593369,21.894100679898358,-0.5737289871901571
CORONGO,2.123456790123457,0.9382716049382716,99.80246913580247,0.19753086419753174,1.0864197530864201,1.4617079666654254
HUARI,6.2182906205281645,4.013269155717445,99.06335371406271,0.9366462859372859,3.7227353540609656,1.2050266149205668
HUARMEY,48.645720476706394,27.63813651137595,88.76489707475623,11.235102925243766,29.17298663777537,-1.3599718649080705
HUAYLAS,15.974596971177332,12.387465978086398,95.35208318794054,4.647916812059464,11.00332658710773,0.42287987724225773
MARISCAL LUZURIAGA,0.5437553101104503,0.2548853016142736,99.94902293967715,0.05097706032285032,0.2832058906825247,1.534165723378796
OCROS,6.0023538642604946,1.726167124362495,99.37230286386819,0.6276971361318147,2.7854060415849347,1.3089229007369678
PALLASCA,2.6073380171740825,0.7494145199063231,99.70335675253708,0.29664324746292436,1.2177985948477767,1.4491765998186312
POMABAMBA,3.225806451612903,1.8001152073732718,99.66877880184332,0.33122119815668327,1.7857142857142858,1.3959882015279452
RECUAY,8.792289535798584,6.707317073170732,98.68214004720693,1.3178599527930714,5.605822187254129,1.0238022365638229
SANTA,66.55446782634019,48.280617007973824,79.29717276051971,20.702827239480285,45.1793040245981,-3.1575302441788753
SIHUAS,3.3809461407417114,1.9525619184903684,99.33167343729524,0.6683265627047632,2.000611540645614,1.3636140366302802
YUNGAY,8.838772937386189,6.835691273287575,98.38913013027035,1.6108698697296546,5.76177802680114,0.9979978918077314
ABANCAY,38.5807953918745,30.773944481892272,88.68190452846375,11.318095471536253,26.890945115101008,-1.221332420965686
ANDAHUAYLAS,22.124200822718937,17.1432819547009,95.83188779303167,4.168112206968331,14.478531661462723,0.14301104982935825
ANTABAMBA,2.21606648199446,1.007302946361118,99.87408713170485,0.12591286829514559,1.1164274322169079,1.4620464452842101
AYMARAES,9.193529617130222,5.050622599790527,98.65006400558595,1.3499359944140537,5.198029403778268,1.0674578626198414
COTABAMBAS,10.474812211425814,4.94107918131073,97.8567982909517,2.1432017090482987,5.853031033928281,0.9842950261890351
CHINCHEROS,6.932897862232778,5.641330166270784,99.13153206650831,0.8684679334916865,4.480898653998416,1.1371116439976416
GRAU,3.424168925667,1.8547581680696246,99.84305892424025,0.1569410757597467,1.8119560564987902,1.4013038649917429
AREQUIPA,86.50975354556661,70.66063048410322,69.84325953858426,30.156740461415737,62.44237483036185,-5.063562850446351
CAMANÁ,59.023013941137414,47.045806594379286,85.46138526222616,14.538614737773841,40.202478424430176,-2.50123364704457
CARAVELÍ,49.68665311653117,35.78082655826558,90.9298780487805,9.070121951219505,31.51253387533875,-1.5101968750359098
CASTILLA,31.06796116504854,23.4198533782445,94.06578165246681,5.934218347533189,20.14067763027541,-0.4133231706339074
CAYLLOMA,48.75146455770357,25.637082601054484,96.17018160515525,3.82981839484475,26.072788517867604,-0.7815521436940148
CONDESUYOS,17.10580485796624,10.189378344997941,98.5384932070811,1.4615067929188967,9.585563331961026,0.68986303103493
ISLAY,65.46622542339887,50.866264356628385,83.40146648497826,16.598533515021742,44.31034109834966,-2.933005895218925
LA UNIÓN,4.031117397454031,2.7817067421027817,99.45780292314946,0.5421970768505417,2.451673738802451,1.3282527146124943
HUAMANGA,48.24353957948145,45.10613292055439,86.56031875707673,13.439681242923271,35.596451247653036,-2.0917603369273694
CANGALLO,4.485744867179138,3.425124063442639,99.63024228860561,0.36975771139438507,2.7602088806720544,1.3072236796862922
HUANCA SANCOS,6.955922865013774,6.7837465564738295,99.31129476584022,0.6887052341597837,4.809458218549129,1.110493319194058
HUANTA,20.020036064916848,15.772390302544581,96.44960929673412,3.550390703265876,13.114272356909103,0.2843563824613423
LA MAR,18.51328984519521,11.56167851231623,98.28156946743258,1.7184305325674245,10.597799630026287,0.5908053382191261
LUCANAS,4.825396825396826,3.186147186147186,99.41702741702741,0.5829725829725874,2.8648388648388665,1.2920525381015653
PARINACOCHAS,6.9351518270715395,3.3324755532681416,99.3309315491508,0.6690684508491955,3.6455652770629587,1.2287215550297232
PÁUCAR DEL SARA SARA,6.338481338481339,2.413127413127413,98.87387387387388,1.126126126126124,3.2925782925782916,1.2428431072430663
SUCRE,3.4040011943863844,2.9859659599880564,99.55210510600179,0.44789489399821036,2.2792873494575505,1.3434905816664038
VÍCTOR FAJARDO,3.813089295618414,3.2584581253466443,99.23738214087632,0.7626178591236794,2.6113884266962457,1.302311178346182
VILCAS HUAMÁN,3.361070321422744,2.741067058247675,99.55947136563876,0.4405286343612431,2.180888671343887,1.3533243810285396
CAJAMARCA,45.05164297792605,37.9221699191079,81.64160687354325,18.358393126456747,33.77740200783023,-2.1113880690224405
CAJABAMBA,9.366623647374169,7.17263972997121,98.56050828948675,1.439491710513252,5.992918362619544,0.9854074429226198
CELENDÍN,8.327185940551097,4.703840312432198,98.91516597960512,1.0848340203948794,4.705286757792725,1.1190630036230207
CHOTA,17.68354045262,9.075803318589248,96.94586814575581,3.05413185424419,9.93782520848448,0.6025924219090709
CONTUMAZÁ,7.312049433573635,4.474196132280581,97.99748254949078,2.0025174505092167,4.596254338787811,1.0883855133597988
CUTERVO,12.187683612657732,8.15589938725833,98.30446825774321,1.6955317422567902,7.346371580724284,0.864399541037384
HUALGAYOC,15.147886480660999,9.986827924799426,97.85255258851235,2.147447411487647,9.094053938982691,0.6977723410262165
JAÉN,34.30564744090937,24.494296425492674,91.73031815721417,8.269681842785829,22.356541903062624,-0.6919748044500482
SAN IGNACIO,8.668481279857794,4.013442950783246,98.65292745250528,1.3470725474947187,4.6763322593785865,1.1156694399744238
SAN MARCOS,13.185682940208448,11.005211190345584,98.29264947888096,1.7073505211190394,8.632748217224357,0.742723082962503
SAN MIGUEL,4.859639830508475,1.7213983050847457,99.47033898305084,0.5296610169491629,2.370233050847461,1.3442790019702113
SAN PABLO,3.698501872659176,2.0599250936329585,99.31335830212234,0.6866416978776613,2.148356221389932,1.3508331790823758
SANTA CRUZ,5.175321793164669,2.2458943630714603,99.005770084332,0.9942299156680008,2.80514869063471,1.2865326505709653
PROVINCIA CONSTITUCIONAL DEL CALLAO,74.7831059553958,64.10301445960297,61.278490319418346,38.721509680581654,59.20254336519347,-5.145089296873452
CUSCO,52.33750035168009,35.79634440265964,67.03397698605471,32.96602301394529,40.36662258942834,-3.2338731867750226
ACOMAYO,1.448225923244026,0.6517016654598118,99.88414192614047,0.11585807385952762,0.7385952208544552,1.493812534771781
ANTA,11.605590262124043,6.318026663231789,98.27397436723128,1.7260256327687244,6.549880852708185,0.9387083835360366
CALCA,8.771254058218236,4.798327188686513,97.52930171132999,2.4706982886700075,5.346759845191586,1.0087272043645812
CANAS,1.302405171594258,0.8175682099058846,99.85740089362106,0.14259910637893825,0.7541908292930269,1.489989798878504
CANCHIS,13.647050180001468,8.761296010579677,97.35508044963632,2.6449195503636815,8.351088580314942,0.7418813967145107
CHUMBIVILCAS,4.474576271186441,5.975786924939467,99.28329297820824,0.7167070217917626,3.7223567393058903,1.1974501934073754
ESPINAR,17.879278575018148,13.674688704003573,98.21318889943603,1.7868111005639662,11.11359279319523,0.5305834856743414
LA CONVENCIÓN,16.95282628284747,9.361681400842649,97.6814982586883,2.3185017413117066,9.544336475000609,0.6621318775033416
PARURO,1.4084507042253522,0.9597407453570983,99.8005733516141,0.19942664838589508,0.855872699322782,1.4786204112164585
PAUCARTAMBO,2.9228960188140434,1.1002855703006889,99.79002183772889,0.20997816227111343,1.4110532504619486,1.4355169974224458
QUISPICANCHI,8.72167048637637,4.931669637551991,97.82276546982429,2.17723453017571,5.276858218034691,1.0258170002809495
URUBAMBA,15.809868251097908,8.99638336347197,94.29733918884008,5.702660811159916,10.169637475243265,0.46814354666765257
HUANCAVELICA,25.71375545176158,23.681524328002723,94.03012774907977,5.969872250920233,18.455050676894846,-0.29156694526687105
ACOBAMBA,3.8667141838916606,3.1450463292943693,99.31397006414825,0.6860299358517494,2.5659301496792595,1.3101136762419638
ANGARAES,11.722607886638517,10.126672869104702,98.43984827882345,1.5601517211765525,7.803144158973257,0.8189064572100697
CASTROVIRREYNA,4.686884600236314,2.7569909413154785,99.60614415124066,0.393855848759344,2.612577130103712,1.3230783939244002
CHURCAMPA,4.6999276934201015,3.65664704059498,99.24594566676997,0.7540543332300302,3.0368763557483707,1.2674435584865595
HUAYTARÁ,5.1560801366671845,4.037894082932132,98.86628358440753,1.133716415592474,3.44256354506393,1.2169244470239107
TAYACAJA,4.894528675016479,3.831575477916941,99.27900461437046,0.7209953856295357,3.1490331795209854,1.2590033199397708
HUÁNUCO,41.83358382292663,37.67727831670993,84.4350321082115,15.564967891788498,31.69194334380835,-1.8294286719848245
AMBO,17.949968643300117,13.587903282001253,97.17092885513205,2.829071144867953,11.455647690056443,0.4594675117630751
DOS DE MAYO,3.6445751496691527,2.132128978048524,99.43283268564227,0.5671673143577323,2.1146238140251366,1.3580251324558976
HUACAYBAMBA,0.4358353510895884,0.3389830508474576,99.9273607748184,0.0726392251816037,0.2824858757062166,1.5325100160859684
HUAMALÍES,5.638868154984054,1.4656985818009094,99.69464612879148,0.3053538712085242,2.469973535997829,1.3490922534544523
LEONCIO PRADO,55.04146793450193,24.19114743141842,90.25731384998633,9.742686150013668,29.658433838644672,-1.2991932157375805
MARAÑÓN,5.584543787900155,0.9307572979833592,99.76025948385278,0.23974051614722214,2.2516805340102457,1.3730268446625509
PACHITEA,9.14496462441668,3.9440012042751773,99.46560289026043,0.5343971097395723,4.541120979477143,1.1625324328607318
PUERTO INCA,7.6279922116596035,1.488947428702325,98.94628335814912,1.0537166418508832,3.390218760737604,1.246977234624622
LAURICOCHA,1.5364916773367476,0.8048289738430584,99.83537589171392,0.16462410828607688,0.835314919821961,1.4830747584384036
YAROWILCA,0.969962453066333,0.5632040050062578,99.93742177722153,0.0625782227784697,0.5319148936170202,1.5123758835240628
ICA,71.929526851667,62.10421241764823,74.67258933918946,25.327410660810543,53.120383310041916,-4.077857894911908
CHINCHA,67.08089753911857,45.13249553680821,81.56089193825042,18.43910806174958,43.550833712558784,-2.9074831813025637
NAZCA,61.10806089343649,49.17893686049414,80.32443224357375,19.675567756426247,43.32085517011895,-2.981228251017162
PALPA,50.96946194861852,41.05671352399418,90.18419777023752,9.815802229762483,33.94732590079173,-1.7716524864579908
PISCO,70.26664013530993,52.00228832951945,78.72848472788777,21.271515272112225,47.846814578980535,-3.414683557966699
HUANCAYO,66.91360202251815,57.71085045712437,78.39609606961226,21.603903930387744,48.742785470010084,-3.5468626525910696
CONCEPCIÓN,24.442992486115646,17.72623325710552,95.87063051290427,4.12936948709573,15.432865076772297,0.0684240901150762
CHANCHAMAYO,60.75218589052581,22.62306863097377,94.301113905857,5.698886094143006,29.691380205214198,-1.1077850450452853
JAUJA,28.026282537275716,19.21489343778957,96.39878695981804,3.6012130401819604,16.947463005082415,-0.034175918239841674
JUNÍN,36.19382782891175,4.3178126691932865,98.7547374120195,1.2452625879805055,13.918967695361848,0.42847232920263256
SATIPO,24.08690989255427,11.032551488550377,97.87889019086016,2.1211098091398384,12.413523730081495,0.44221304732549166
TARMA,27.025620496397117,19.33146517213771,93.11048839071256,6.889511609287439,17.74886575927409,-0.24129686379435794
YAULI,59.58756841282252,38.487099296325255,79.18295543393276,20.81704456606724,39.63057075840501,-2.6621644778559728
CHUPACA,41.0614133482894,30.762759394279303,95.24677509814919,4.753224901850814,25.525799214806508,-0.827296854661698
TRUJILLO,69.38686259074609,63.27341905011807,68.364383801277,31.635616198723,54.76529927986238,-4.491590375987098
ASCOPE,42.89441527131015,36.51375540803857,89.5505135572509,10.449486442749105,29.95255237403261,-1.4617850650800588
BOLÍVAR,1.2976901116013497,0.7007526602647288,99.84427718660783,0.15572281339217398,0.7180551950860842,1.4931349006305639
CHEPÉN,33.90199805294145,24.75545871772287,90.24152797737703,9.758472022622968,22.80530959776243,-0.7940024120784045
JULCÁN,0.7888212756366914,0.5183682668469687,99.87604237097138,0.12395762902862373,0.47704905717076124,1.5141317873401998
OTUZCO,2.9655321916323434,2.0247127682636026,99.44504660741383,0.5549533925861709,1.8483994508273724,1.3793674884583995
PACASMAYO,31.765288437732114,25.38817953524564,88.65702260106816,11.342977398931836,22.832148457303195,-0.8721282944146219
PATAZ,8.238297872340425,4.391489361702128,98.76312056737588,1.2368794326241215,4.6222222222222245,1.1212569240452115
SÁNCHEZ CARRIÓN,11.832627701105185,10.32330785726068,98.60614724803432,1.3938527519656816,7.849929436777182,0.8210770105522999
SANTIAGO DE CHUCO,4.457804824400616,1.9356257790160571,99.72871911430457,0.2712808856954325,2.2215704963707017,1.3649621323685641
GRAN CHIMÚ,4.719043332904719,2.4045261669024045,99.02275941879903,0.9772405812009737,2.700270027002699,1.2937014835746663
VIRÚ,34.692757863935626,26.495062179956108,96.16404535479151,3.8359546452084885,21.674591563033406,-0.4615472825369932
CHICLAYO,65.1639915539058,55.67142835017217,69.42833984687582,30.571660153124185,50.46902668573406,-4.0565830575452075
FERREÑAFE,26.68367137038713,18.743571810589543,92.98144567408565,7.0185543259143515,17.48193250229701,-0.22192995411172436
LAMBAYEQUE,35.106929950113255,21.777858065950557,90.06850742742797,9.931492572572026,22.272093529545277,-0.7355626400961127
LIMA,85.06960279514527,74.32824567855829,54.03562890768665,45.96437109231335,68.4540731886723,-6.247744246097623
BARRANCA,59.274510832502756,43.177883858784035,82.84635157110634,17.15364842889366,39.86868104006015,-2.5584502974190118
CAJATAMBO,4.492820750347383,1.667438628994905,99.30523390458545,0.6947660954145505,2.285008491585613,1.34376272990056
CANTA,21.279373368146214,10.600522193211487,97.2845953002611,2.7154046997388974,11.531766753698866,0.48532739519992946
CAÑETE,60.579153032372844,39.99587000031769,84.9445626965721,15.055437303427894,38.54348677870614,-2.3380776783775397
HUARAL,63.38550945957411,47.25332993976415,82.58038517010266,17.41961482989734,42.6861514097452,-2.8164458760037343
HUAROCHIRÍ,34.72645302790301,21.77409528451322,91.06250761545023,8.93749238454977,21.812680232322,-0.6570429871890516
HUAURA,52.93083909537339,39.407426872731456,79.87090840409283,20.12909159590717,37.489119188004004,-2.4800605681629304
OYÓN,18.815104166666664,11.328125,97.00520833333334,2.994791666666657,11.046006944444441,0.5026579913660184
YAUYOS,8.808213063532213,3.228686207409612,99.36021425383129,0.6397857461687124,4.225561672370179,1.187706366501243
MAYNAS,51.97776184348817,6.851198837015136,86.89873977231429,13.101260227685714,23.97674030272967,-0.8714230300806616
ALTO AMAZONAS,34.394107340794505,4.934386956055351,94.76883469803697,5.231165301963031,14.853219866270962,0.17596978133803226
LORETO,9.873081463990555,0.7674144037780402,98.8193624557261,1.1806375442739068,3.9403778040141675,1.2067094271880365
MARISCAL RAMÓN CASTILLA,9.383145091225021,0.5405927213051452,98.2334202143064,1.7665797856935939,3.8967725327412537,1.185893344178597
REQUENA,10.39121822383625,0.5942555298778475,98.91053152855727,1.0894684714427285,4.024980741718942,1.2059944100043516
UCAYALI,6.4319170291067245,0.6440281030444965,98.5446637671462,1.4553362328537958,2.843760455001672,1.27732952141457
DATEM DEL MARAÑÓN,6.5931883626253605,0.7248535398669447,99.24535795849468,0.7546420415053205,2.690894647999208,1.3191932288876898
PUTUMAYO,4.7114252061248525,0.11778563015312131,99.82332155477032,0.17667844522968323,1.6686297605025524,1.4265043339439842
MADRE DE DIOS PROV. DE TAMBOPATA,57.959949532528874,19.21322506551066,88.57364692180776,11.426353078192236,29.533175892077256,-1.320668902063113
MADRE DE DIOS PROV. DE MANU,38.292061179898035,8.485069191551348,96.46758922068463,3.53241077931537,16.769847050254917,0.07722087465673863
MADRE DE DIOS PROV. DE TAHUAMANU,33.277367360644725,3.4251175285426463,94.02283411685694,5.9771658831430585,14.226550257443478,0.20286310503158475
MARISCAL NIETO,52.32994498487995,45.7973549021751,82.61740809560243,17.38259190439757,38.50329726381754,-2.4900663104557106
GENERAL SÁNCHEZ CERRO,19.926021228690896,10.035381151495658,98.48825989064008,1.5117401093599199,10.491047496515492,0.6214891588980229
ILO,81.42769392769392,69.07248157248156,71.68743418743418,28.312565812565822,59.6042471042471,-4.755833799496531
PASCO,58.56734653660459,11.751568299011398,93.07320918317076,6.926790816829239,25.748568550815076,-0.7721497362792497
DANIEL ALCIDES CARRIÓN,8.72907746204749,3.464383028415726,99.27987543791359,0.7201245620864114,4.304528350849876,1.1761551564679065
OXAPAMPA,28.098212362696533,7.383157441309499,94.4992461770407,5.500753822959297,13.660707875655108,0.23117028139892234
PIURA,56.01858776322779,26.700053122630756,80.76651314398295,19.233486856017052,33.9840425806252,-2.0662818777448635
AYABACA,3.0529840456962773,1.1194274834219684,99.51414877552361,0.4858512244763915,1.5527542511982124,1.4125060823736377
HUANCABAMBA,2.9709936358693914,1.1417058428475486,99.45952860660718,0.5404713933928207,1.5510569573699202,1.410004330256093
MORROPÓN,32.0999466002136,7.762993948024207,96.47116411534354,3.528835884656459,14.463925477631422,0.2556838983586506
PAITA,56.895115711821056,18.026057469212923,89.2587304420251,10.741269557974903,28.55414757966963,-1.206672567415847
SULLANA,51.349359625940224,19.954513112421225,87.12263671477942,12.877363285220582,28.060412007860677,-1.2820217285160318
TALARA,67.1440675649821,33.79342389373275,78.25183808456556,21.748161915434437,40.8952177913831,-2.756283746197057
SECHURA,68.15174016265091,29.130676365105824,86.8212355407385,13.178764459261501,36.82039366233941,-2.029808867448061
PUNO,43.772653550525355,36.63070305338129,89.32374303645723,10.67625696354277,30.359871189149803,-1.503279089403561
AZÁNGARO,10.633672401299014,8.365763976488902,99.53836656915108,0.46163343084892006,6.487023269545612,0.9815172593686811
CARABAYA,5.140461215932914,4.20125786163522,99.40461215932915,0.5953878406708526,3.312368972746329,1.2491405396618331
CHUCUITO,16.231255042706508,9.659739031243914,99.31001864062543,0.6899813593745705,8.860325144441665,0.7829591965057868
EL COLLAO,28.823804695421572,16.309180251150458,98.51415646205444,1.4858435379455557,15.539609494839196,0.19067377153851364
HUANCANÉ,6.144159791576205,4.220581849761182,99.7351280937907,0.2648719062092937,3.543204515848893,1.2464701170202384
LAMPA,7.058284817164911,5.095833060770589,99.56826061359325,0.4317393864067469,4.195285754780749,1.1826747063712262
MELGAR,13.193978329657686,10.456419599194554,98.624029149487,1.3759708505129993,8.34212292645508,0.7840005183398555
MOHO,1.8950437317784257,1.2334604171338865,99.85422740524781,0.14577259475218796,1.0914255812215001,1.4610221325290293
SAN ANTONIO DE PUTINA,16.004872107186358,8.185140073081607,98.98497766950874,1.015022330491263,8.401678170253076,0.8157538837129227
SAN ROMÁN,73.00288009701379,59.37294729927744,93.08018796422617,6.91981203577383,46.43187981068835,-2.7358095537711278
SANDIA,8.267696267696268,5.142857142857142,99.61904761904762,0.3809523809523796,4.597168597168596,1.1545581764762962
YUNGUYO,22.884547069271758,17.435168738898756,98.23801065719361,1.7619893428063875,14.027235050325634,0.281151146697511
MOYOBAMBA,58.21792607739257,18.641757288471666,90.2872014127707,9.712798587229301,28.857493984364513,-1.1889719204140443
BELLAVISTA,34.966668957459966,7.511511236341145,96.71500240533297,3.2849975946670327,15.254392596156046,0.2098359159659311
EL DORADO,26.49656526005888,1.8427652382510085,99.09497328535602,0.9050267146439808,9.748119070984623,0.7764828056990077
HUALLAGA,37.62120232708468,5.959922430510666,97.50484809308338,2.495151906916618,15.358758888170655,0.2509581902374694
LAMAS,33.4481154025128,2.8106095858538858,97.49185667752444,2.5081433224755614,12.922289436947414,0.45992770172522934
MARISCAL CÁCERES,43.983605554536,14.375726432984646,93.50339511837035,6.496604881629651,21.6186456230501,-0.4683790519204319
PICOTA,36.44301034450033,5.400018980734554,96.96308247129164,3.036917528708358,14.959982284647745,0.2615378401499409
RIOJA,55.238512857456065,17.536881009803615,94.71920318225952,5.28079681774048,26.018730228333386,-0.7703086550782383
SAN MARTÍN,61.98746274791902,18.68667146233686,79.60949542698592,20.390504573014084,33.68821292775666,-2.024701425715452
TOCACHE,46.06077348066298,14.171270718232043,96,4,21.410681399631674,-0.3399534618523512
TACNA,85.96473641416335,56.304786090598235,77.63446608970717,22.365533910292825,54.87835213835147,-4.025698532554177
CANDARAVE,7.956900124326564,3.5640281806879406,99.7513468711148,0.24865312888519497,3.9231938112998996,1.2246827895338002
JORGE BASADRE,44.60032626427406,33.898858075040785,74.32300163132138,25.676998368678625,34.72539423599782,-2.4721137780919755
TARATA,7.480314960629922,2.668416447944007,99.65004374453194,0.349956255468058,3.499562554680663,1.2596931084129543
TUMBES,50.34262220191869,19.537880791517395,83.36659373422135,16.633406265778646,28.837969753071576,-1.5034562071879523
CONTRALMIRANTE VILLAR,42.82411524097457,9.870176062600036,90.78783567490663,9.212164325093369,20.63548520955599,-0.4760090735754775
ZARUMILLA,55.4427235534775,13.398597311513734,90.42957334891875,9.570426651081249,26.13724917202416,-0.9333759987663904
CORONEL PORTILLO,25.782031614753553,7.954823362013384,92.11409769003312,7.88590230996688,13.874252428911271,0.10403456733762095
ATALAYA,11.262263995382966,2.514634347431775,98.2191441998516,1.7808558001484016,5.185918047654381,1.0716582415449039
PADRE ABAD,26.25616420098627,7.603625216580035,97.06783953085433,2.9321604691456713,12.26398329557066,0.44765484472707123
PURÚS,1.7569546120058566,0,100,0,0.5856515373352855,1.516146298971204
